{"cameraMode":{"drawMode":0,"name":"Shaded","section":"Shading Mode"},"sceneLighting":true,"audioPlay":false,"sceneViewState":{"m_AlwaysRefresh":false,"showFog":true,"showSkybox":true,"showFlares":true,"showImageEffects":true,"showParticleSystems":true,"showVisualEffectGraphs":true,"m_FxEnabled":true},"in2DMode":false,"pivot":{"x":864.3649291992188,"y":230.29518127441407,"z":-302.8165283203125},"rotation":{"x":0.0030298642814159395,"y":0.9890753626823425,"z":-0.1479569673538208,"w":0.0177775826305151},"size":517.4188232421875,"orthographic":false}