{"cameraMode":{"drawMode":0,"name":"Shaded","section":"Shading Mode"},"sceneLighting":true,"audioPlay":false,"sceneViewState":{"m_AlwaysRefresh":false,"showFog":true,"showSkybox":true,"showFlares":true,"showImageEffects":true,"showParticleSystems":true,"showVisualEffectGraphs":true,"m_FxEnabled":true},"in2DMode":false,"pivot":{"x":-37.036407470703128,"y":8.285762786865235,"z":26.490581512451173},"rotation":{"x":0.21396176517009736,"y":-0.0574941486120224,"z":0.022516051307320596,"w":0.9764077663421631},"size":2.211238384246826,"orthographic":false}